{
  "accuracy": 0.9814415192058696,
  "precision": 0.9949066213921901,
  "recall": 0.9693961952026469,
  "f1": 0.9819857561793046,
  "confusion_matrix": [
    [
      1102,
      6
    ],
    [
      37,
      1172
    ]
  ],
  "tuned_threshold": 0.46000000000000013
}